($All),Modified,User,Subject
B98A02DBF7B5864A49258A000024418C,2023/08/03 15:36:00 ZE9,Admin,テスト１
9A8E4B351533C3D649258A000024637C,2023/08/03 15:37:27 ZE9,Admin,テスト２
56DE37949D00568549258A02002A5A6A,2023/08/05 16:42:36 ZE9,Admin,テスト０
3A5B20A00060B89949258A07003E9BF7,2023/08/10 20:23:51 ZE9,Admin,新テスト２
1CBCE5A11438E70749258A0C0001FAA0,2023/10/21 16:51:26 ZE9,Admin,各種リンク
7A70E0CF4F20E2E049258A11007FC1A5,2023/08/21 08:15:26 ZE9,Admin,Bio100%
053AE51404DCBD0849258A11007FE923,2023/08/21 08:17:07 ZE9,Admin,zip ファイル
D5D1B8462C04947B49258A12007F6085,2023/08/22 08:11:17 ZE9,Admin,タブ
564C9D9A607C8F5249258A12007FA8D1,2023/08/22 08:14:22 ZE9,Admin,セクション
641F9CE76052F86E49258A320041C432,2023/09/22,Admin,セクション内セクション
B3B92A39D8C2FAC249258A3B0014AEDB,2023/10/01 12:45:54 ZE9,Admin,テーブル内テーブル
